loss,accuracy,val_loss,val_accuracy
0.5619049609661102,0.992,1.2036598204804685,0.007987220771610737
